{
	"format_version": "1.8.0",
	"animations": {
		"animation.creeper.base_pose": {
			"loop": true,
			"animation_length": 1.5,
			"anim_time_update": "query.anim_time + query.delta_time * 0.5",
			"bones": {
				"body": {
					"position": {
						"0.0": [0, 0, 0],
						"0.75": [0, -0.2, 0],
						"1.5": [0, 0, 0]
					},
					"scale": {
						"0.0": [1, 1, 1],
						"0.75": [1, 1, 1.025],
						"1.5": [1, 1, 1]
					}
				},
				"leg0": {
					"position": {
						"0.0": [0, 0, 0],
						"0.75": [0, 0.7, 0],
						"1.5": [0, 0, 0]
					},
					"scale": {
						"0.0": [1, 1, 1],
						"0.75": [1, 1.125, 1],
						"1.5": [1, 1, 1]
					}
				},
				"leg1": {
					"position": {
						"0.0": [0, 0, 0],
						"0.75": [0, 0.7, 0],
						"1.5": [0, 0, 0]
					},
					"scale": {
						"0.0": [1, 1, 1],
						"0.75": [1, 1.125, 1],
						"1.5": [1, 1, 1]
					}
				},
				"leg2": {
					"position": {
						"0.0": [0, 0, 0],
						"0.75": [0, 0.7, 0],
						"1.5": [0, 0, 0]
					},
					"scale": {
						"0.0": [1, 1, 1],
						"0.75": [1, 1.125, 1],
						"1.5": [1, 1, 1]
					}
				},
				"leg3": {
					"position": {
						"0.0": [0, 0, 0],
						"0.75": [0, 0.7, 0],
						"1.5": [0, 0, 0]
					},
					"scale": {
						"0.0": [1, 1, 1],
						"0.75": [1, 1.125, 1],
						"1.5": [1, 1, 1]
					}
				}
			}
		},
		"animation.creeper.look_at_target": {
			"bones": {
				"head": {
					"relative_to": {
						"rotation": "entity"
					},
					"rotation": ["query.target_x_rotation", 0, "query.target_y_rotation"]
				}
			}
		},
		"animation.creeper.exploding": {
			"loop": true,
			"animation_length": 1.5,
			"anim_time_update": "query.anim_time + query.delta_time * 1.5",
			"bones": {
				"body": {
					"rotation": {
						"0.0": [0, 0, 0],
						"0.0833": [0, 20, 0],
						"0.5": [0, 20, 0],
						"0.5833": [-5, 20, 0],
						"1.0": [-5, 20, 0],
						"1.0833": [-4.73736, -7.40459, 2.32584],
						"1.4167": [-4.73736, -7.40459, 2.32584]
					},
					"position": {
						"0.0": [0, 0, 0],
						"0.75": [0, -0.2, 0],
						"1.5": [0, 0, 0]
					},
					"scale": {
						"0.0": [1, 1, 1],
						"0.75": [1, 1, 1.025],
						"1.5": [1, 1, 1]
					}
				},
				
				"head": {
					"rotation": {
						"0.0": [0, 0, 0],
						"0.0833": [0, 0, 25],
						"0.5": [0, 0, 25],
						"0.5833": [-23.66235, -8.31087, 6.74388],
						"1.0": [-23.66235, -8.31087, 6.74388],
						"1.0833": [13.85157, -22.52101, -37.77356],
						"1.4167": [13.85157, -22.52101, -37.77356]
					}
				},
				"leg0": {
					"rotation": {
						"0.0": [0, 0, 0],
						"0.0833": [0, 0, 25],
						"0.5": [0, 0, 25],
						"0.5833": [27.5, 0, 25],
						"1.0": [27.5, 0, 25],
						"1.0833": [24.78507, 12.31064, 0.21493],
						"1.4167": [24.78507, 12.31064, 0.21493]
					}
				},
				"leg1": {
					"rotation": {
						"0.0": [0, 0, 0],
						"0.0833": [0, 0, -25],
						"0.5": [0, 0, -25],
						"0.5833": [32.5, 0, -25],
						"1.0": [32.5, 0, -25],
						"1.0833": [67.5, 0, -25],
						"1.4167": [67.5, 0, -25]
					}
				},
				"leg2": {
					"rotation": {
						"0.0": [0, 0, 0],
						"0.0833": [-32.5, 0, 0],
						"0.5": [-32.5, 0, 0],
						"0.5833": [-95.40158, 62.39543, -4.78974],
						"1.0": [-95.40158, 62.39543, -4.78974],
						"1.0833": [21.26765, -7.52076, 56.08597],
						"1.4167": [21.26765, -7.52076, 56.08597]
					}
				},
				"leg3": {
					"rotation": {
						"0.0": [0, 0, 0],
						"0.0833": [22.5, 0, 0],
						"0.5": [22.5, 0, 0],
						"0.5833": [17.60455, 14.24, -37.78381],
						"1.0": [17.60455, 14.24, -37.78381],
						"1.0833": [-29.89545, 14.24, -37.78381],
						"1.4167": [-29.89545, 14.24, -37.78381]
					}
				}
			}
		},
		"animation.creeper.idle1": {
			"loop": "hold_on_last_frame",
			"animation_length": 1.5,
			"anim_time_update": "query.anim_time + query.delta_time * 0.5",
			"bones": {
				"body": {
					"position": {
						"0.0": [0, 0, 0],
						"0.75": [0, -0.2, 0],
						"1.5": [0, 0, 0]
					},
					"scale": {
						"0.0": [1, 1, 1],
						"0.75": [1, 1, 1.025],
						"1.5": [1, 1, 1]
					}
				},
				"head": {
					"rotation": {
						"0.0": [0, 0, 0],
						"0.25": [-60, 0, 0],
						"1.25": [-60, 0, 0],
						"1.5": [0, 0, 0]
					}
				}
			}
		},
		"animation.creeper.idle2": {
			"loop": "hold_on_last_frame",
			"animation_length": 1.5,
			"anim_time_update": "query.anim_time + query.delta_time * 0.5",
			"bones": {
				"body": {
					"position": {
						"0.0": [0, 0, 0],
						"0.75": [0, -0.2, 0],
						"1.5": [0, 0, 0]
					},
					"scale": {
						"0.0": [1, 1, 1],
						"0.25": [1.1, 1.1, 1.1],
						"0.3333": [1.1, 1.1, 1.1],
						"0.4167": [1.15, 1.15, 1.15],
						"0.5": [1.15, 1.15, 1.15],
						"0.5833": [1.2, 1.2, 1.2],
						"0.6667": [1.2, 1.2, 1.2],
						"0.75": [1.25, 1.25, 1.25],
						"0.8333": [1.25, 1.25, 1.25],
						"1.0833": [1.25, 1.25, 1.25],
						"1.5": [1, 1, 1]
					}
				},
				"head": {
					"rotation": {
						"0.0": [0, 0, 0],
						"0.25": [-60, 0, 0],
						"1.25": [-60, 0, 0],
						"1.5": [0, 0, 0]
					}
				}
			}
		},
		"animation.creeper.idle3": {
			"loop": "hold_on_last_frame",
			"animation_length": 1.5,
			"anim_time_update": "query.anim_time + query.delta_time * 0.5",
			"bones": {
				"body": {
					"position": {
						"0.0": [0, 0, 0],
						"0.75": [0, -0.2, 0],
						"1.5": [0, 0, 0]
					},
					"scale": {
						"0.0": [1, 1, 1],
						"0.75": [1, 1, 1.025],
						"1.5": [1, 1, 1]
					}
				},
				"head": {
					"rotation": {
						"0.0": [0, 0, 0],
						"0.5": [0, 0, 0],
						"0.75": [0, 30, 0],
						"1.0": [0, -30, 0],
						"1.25": [0, 0, 0]
					}
				}
			}
		},
		"animation.creeper.move_upper_body": {
			"loop": true,
			"bones": {
				"root": {
					"rotation": [0, 0, 0]
				}
			}
		},
		"animation.creeper.move_lower_body": {
			"loop": true,
			"bones": {
				"root": {
					"position": [0, "v.tcos1 * 0.01", 0]
				},
				"body": {
					"rotation": [0, "v.tcos0 * -0.5", "v.tcos0 * 0.1" ]
				},
				"leg1": {
					"rotation": ["v.tcos0 * -0.8", 0, 0]
				},
				"leg0": {
					"rotation": ["v.tcos0 * 0.8", 0, 0]
				},
				"leg3": {
					"rotation": ["v.tcos0 * 0.8", 0, 0]
				},
				"leg2": {
					"rotation": ["v.tcos0 * -0.8", 0, 0]
				}
			}
		},
		"animation.creeper.dead1": {
			"loop": "hold_on_last_frame",
			"animation_length": 1.5,
			"anim_time_update": "query.anim_time + query.delta_time * 0.8",
			"bones": {
				"body": {
					"rotation": {
						"0.0": [0, 0, 0],
						"0.5": [0, 0, 5],
						"0.5833": [0, 0, -5],
						"0.6667": [0, 0, 5]
					},
					"position": {
						"0.0": [0, 0, 0],
						"0.5": [-3, 0, 0],
						"0.5833": [-3, 0, 0],
						"0.6667": [-3, 0, 0]
					}
				},
				"head": {
					"rotation": {
						"0.0": [0, 0, 0],
						"0.5": [-22.19157, -3.81024, -9.25249],
						"0.5833": [-21.26765, 7.52076, 18.58597],
						"0.6667": [-8.76765, 7.52076, 18.58597]
					}
				},
				"leg0": {
					"rotation": {
						"0.0": [0, 0, 0],
						"0.5": [0, 0, -40],
						"0.5833": [0, 0, -30],
						"0.6667": [7.5, 0, -40]
					},
					"position": {
						"0.0": [0, 0, 0],
						"0.5": [-4, 0, 0]
					}
				},
				"leg1": {
					"rotation": {
						"0.0": [0, 0, 0],
						"0.5": [35, 0, 0],
						"0.5833": [34.89743, -2.86544, 4.09918],
						"0.6667": [37.5, 0, 0]
					},
					"position": {
						"0.0": [0, 0, 0],
						"0.5": [-3, 0, 0]
					}
				},
				"leg2": {
					"rotation": {
						"0.0": [0, 0, 0],
						"0.5": [0, 0, -37.5],
						"0.5833": [0, 0, -20],
						"0.6667": [-7.5, 0, -32.5]
					},
					"position": {
						"0.0": [0, 0, 0],
						"0.5": [-4, 0, 0]
					}
				},
				"leg3": {
					"rotation": {
						"0.0": [0, 0, 0],
						"0.5": [30, 0, 0],
						"0.5833": [29.9055, -2.49762, 4.33287],
						"0.6667": [25, 0, 0]
					},
					"position": {
						"0.0": [0, 0, 0],
						"0.5": [-3, 0, 0]
					}
				}
			}
		},
		"animation.creeper.dead2": {
			"loop": "hold_on_last_frame",
			"animation_length": 1.5,