{
	"format_version": "1.8.0",
	"animations": {
		"animation.vex.dead1": {
			"loop": "hold_on_last_frame",
			"animation_length": 1.5,
			"anim_time_update": "query.anim_time + query.delta_time * 1.2",
			"bones": {
				"root": {
					"scale": {
						"0.0": [1, 1, 1],
						"0.0833": [1, 1, 1],
						"0.1667": [1.02, 1.02, 1.02],
						"0.25": [1.02, 1.02, 1.02],
						"0.3333": [1, 1, 1],
						"0.4167": [1, 1, 1],
						"0.5": [1.02, 1.02, 1.02],
						"0.5833": [1.02, 1.02, 1.02],
						"0.6667": [1, 1, 1],
						"0.75": [1.02, 1.02, 1.02],
						"0.8333": [1.02, 1.02, 1.02],
						"0.9167": [1, 1, 1],
						"1.0": [1, 1, 1],
						"1.0833": [1.02, 1.02, 1.02],
						"1.1667": [1.02, 1.02, 1.02],
						"1.25": [1, 1, 1],
						"1.3333": [1, 1, 1],
						"1.4167": [1.02, 1.02, 1.02],
						"1.5": [1.02, 1.02, 1.02]
					}
				},
				"waist": {
					"rotation": {
						"0.0": [0, 0, 0],
						"0.125": [-17.5, 0, 0]
					}
				},
				"leftArm": {
					"rotation": {
						"0.0": [0, 0, 0],
						"0.125": [17.5, 0, -27.5]
					}
				},
				"rightArm": {
					"rotation": {
						"0.0": [0, 0, 0],
						"0.125": [20, 0, 35]
					}
				},
				"head": {
					"rotation": {
						"0.0": [0, 0, 0],
						"0.125": [-45, 0, 0]
					}
				}
			},
			"particle_effects": {
				"0.0": {
					"effect": "flame"
				}
			}
		},
		"animation.vex.dead2": {
			"loop": "hold_on_last_frame",
			"animation_length": 1.41667,
			"anim_time_update": "query.anim_time + query.delta_time * 1.5",
			"bones": {
				"root": {
					"scale": {
						"0.0": [1, 1, 1],
						"0.0833": [1, 1, 1],
						"0.1667": [1.02, 1.02, 1.02],
						"0.25": [1.02, 1.02, 1.02],
						"0.3333": [1, 1, 1],
						"0.4167": [1, 1, 1],
						"0.5": [1.02, 1.02, 1.02],
						"0.5833": [1.02, 1.02, 1.02],
						"0.6667": [1, 1, 1],
						"0.75": [1.02, 1.02, 1.02],
						"0.8333": [1.02, 1.02, 1.02],
						"0.9167": [1, 1, 1],
						"1.0": [1, 1, 1],
						"1.0833": [1.02, 1.02, 1.02],
						"1.1667": [1.02, 1.02, 1.02],
						"1.25": [1, 1, 1],
						"1.3333": [1, 1, 1],
						"1.4167": [1.02, 1.02, 1.02]
					}
				},
				"waist": {
					"rotation": {
						"0.0": [0, 0, 0],
						"0.125": [22.5, 0, 0],
						"1.125": [22.5, 0, 0],
						"1.2917": [-27.5, 0, 0]
					}
				},
				"leftArm": {
					"rotation": {
						"0.0": [0, 0, 0],
						"0.125": [-14.15251, 17.67415, 22.78872],
						"1.125": [-14.15251, 17.67415, 22.78872],
						"1.2917": [-122.43576, -30.58184, 17.91705]
					}
				},
				"rightArm": {
					"rotation": {
						"0.0": [0, 0, 0],
						"0.125": [-20.98998, -31.81666, -18.95534],
						"1.125": [-20.98998, -31.81666, -18.95534],
						"1.2917": [-125.22465, 36.81662, -22.93393]
					}
				},
				"head": {
					"rotation": {
						"0.0": [0, 0, 0],
						"0.125": [50, 0, 0],
						"1.125": [50, 0, 0],
						"1.2917": [-45, 0, 0]
					}
				}
			},
			"particle_effects": {
				"1.25": {
					"effect": "explode"
				}
			}
		},
		"animation.vex.base_pose": {
			"loop": true,
			"animation_length": 1.5,
			"anim_time_update": "query.anim_time + query.delta_time * 0.5",
			"bones": {
				"root": {
					"rotation": ["v.swim_amount > 0.0 ? 20 : this", 0, 0]
				},
				"waist": {
					"rotation": {
						"0.0": [7.5, 0, 7.5],
						"0.75": [0, 0, 0],
						"1.5": [7.5, 0, 7.5]
					}
				},
				"leftWing": {
					"rotation": ["27.0 - this", "-(27.0 + math.cos(query.life_time * 916.8) * 9.0) - this", "-27.0 - this"],
					"position": [0, "- this", "- this"]
				},
				"rightWing": {
					"rotation": ["27.0 - this", "27.0 + math.cos(query.life_time * 916.8) * 9.0 - this", "27.0 - this"],
					"position": [0, "- this", "- this"]
				},
				"rightArm": {
					"rotation": {
						"0.0": [-20, 0, 0],
						"0.75": [15.47004, 4.682, 6.30006],
						"1.5": [-20, 0, 0]
					}
				},
				"leftArm": {
					"rotation": {
						"0.0": [-15, 0, -15],
						"0.75": [-7.05239, 2.55868, 4.8423],
						"1.5": [-15, 0, -15]
					}
				},
				"rightLeg": {
					"rotation": [0, 0, 7.5]
				},
				"leftLeg": {
					"rotation": [9.85108, 1.72794, -9.85108]
				},
				"eyelids": {
					"scale": {
						"0.8333": [1.02, 0, 1.02],
						"0.9167": [1.02, 1.02, 1.02],
						"1.0": [1.02, 0, 1.02]
					}
				}
			}
		},
		"animation.vex.idle1": {
			"loop": "hold_on_last_frame",
			"animation_length": 1.5,
			"anim_time_update": "query.anim_time + query.delta_time * 0.5",
			"bones": {
				"head": {
					"rotation": {
						"0.0": [-30, 0, 0],
						"0.8333": [-14.13, 6.86, -26.69],
						"1.0": [-11.46317, 10.76604, -9.42254],
						"1.5": [-30, 0, 0]
					}
				},
				"waist": {
					"rotation": {
						"0.0": [7.5, 0, 7.5],
						"0.75": [0, 0, 0],
						"1.5": [7.5, 0, 7.5]
					}
				},
				"rightArm": {
					"rotation": {
						"0.0": [-20, 0, 0],
						"0.75": [15.47004, 4.682, 6.30006],
						"1.5": [-20, 0, 0]
					}
				},
				"leftArm": {
					"rotation": {
						"0.0": [-15, 0, -15],
						"0.75": [-7.05239, 2.55868, 4.8423],
						"1.5": [-15, 0, -15]
					}
				},
				"rightLeg": {
					"rotation": [0, 0, 7.5]
				},
				"leftLeg": {
					"rotation": [9.85108, 1.72794, -9.85108]
				}
			}
		},
		"animation.vex.idle2": {
			"loop": "hold_on_last_frame",
			"animation_length": 1.5,
			"anim_time_update": "query.anim_time + query.delta_time * 0.5",
			"bones": {
				"head": {
					"rotation": {
						"0.0": [0, 0, 0],
						"0.3333": [-30, 0, 0],
						"0.5": [-2.87395, 24.84012, -25.27824],
						"0.8333": [-2.87395, 24.84012, -25.27824],
						"1.0": [-2.87395, 24.84012, -25.27824],
						"1.1667": [-2.87395, 24.84012, -25.27824],
						"1.25": [-22.90684, -16.77027, 11.84869],
						"1.5": [0, 0, 0]
					}
				},
				"waist": {
					"rotation": {
						"0.0": [7.5, 0, 7.5],
						"0.75": [0, 0, 0],
						"1.1667": [0, 0, 0],
						"1.25": [0, -20, 0],
						"1.5": [7.5, 0, 7.5]
					}
				},
				"rightArm": {
					"rotation": {
						"0.0": [-20, 0, 0],
						"0.75": [15.47004, 4.682, 6.30006],
						"1.5": [-20, 0, 0]
					},
					"position": {
						"0.0": [0, 0, 0],
						"0.0833": [0, -5, 0],
						"0.75": [0, -5, 0],
						"1.1667": [0, -5, 0],
						"1.25": [0, 0, 0],
						"1.5": [0, 0, 0]
					}
				},
				"leftArm": {
					"rotation": {
						"0.0": [-15, 0, -15],
						"0.75": [-7.05239, 2.55868, 4.8423],
						"0.9167": [0, 0, 47.5],
						"1.1667": [0, 0, 47.5],
						"1.25": [0, 0, 82.5],
						"1.5": [-15, 0, -15]
					},
					"position": {
						"0.0": [0, 0, 0],
						"0.75": [0, 0, 0],
						"0.9167": [-3, 1, -2],
						"1.1667": [-3, 1, -2],
						"1.5": [0, 0, 0]
					}
				},
				"rightLeg": {
					"rotation": [0, 0, 7.5]
				},
				"leftLeg": {
					"rotation": [9.85108, 1.72794, -9.85108]
				}
			}
		},
		"animation.vex.idle3": {
			"loop": "hold_on_last_frame",
			"animation_length": 1.5,
			"anim_time_update": "query.anim_time + query.delta_time * 0.5",
			"bones": {
				"head": {
					"rotation": {
						"0.0": [-30, 0, 0],
						"0.3333": [21.34825, 2.74411, -10.67643],
						"0.5833": [20.91796, -52.54061, -23.68996],
						"0.8333": [-14.13, 6.86, -26.69],
						"1.0": [-11.46317, 10.76604, -9.42254],
						"1.5": [-30, 0, 0]
					}
				},
				"waist": {
					"rotation": {
						"0.0": [0, 0, 0],
						"0.3333": [0, 0, 0],
						"0.5833": [91.78141, 11.26947, 41.57637],
						"1.0": [91.78141, 11.26947, 41.57637],
						"1.5": [0, 0, 0]
					}
				},
				"rightArm": {
					"rotation": {
						"0.0": [-20, 0, 0],
						"0.75": [15.47004, 4.682, 6.30006],
						"1.5": [-20, 0, 0]
					}
				},
				"leftArm": {
					"rotation": {
						"0.0": [-15, 0, -15],
						"0.5833": [-26.81678, 23.0557, -58.5008],
						"1.0": [-26.81678, 23.0557, -58.5008],
						"1.5": [-15, 0, -15]
					}
				},
				"rightLeg": {
					"rotation": {
						"0.0": [0, 0, 5],
						"0.5833": [-17.5, 0, 0],
						"1.0": [-30, 0, 0],
						"1.5": [0, 0, 5]
					}
				},
				"leftLeg": {
					"rotation": {
						"0.0": [9.85108, 1.72794, -9.85108],
						"0.5833": [7.5, 0, 0],
						"1.0": [7.5, 0, 0],